date,prediction_for_date,risk_score,severity,trigger_candidate,station_count_available,split,observed_high_rainfall_stress,trigger_severity,consecutive_high_count,trigger_active,trigger_reason
2022-11-01,2022-11-02,0.1283,LOW,False,3,train,1.0,HIGH,0,False,below_trigger_threshold_streak_reset
2022-11-02,2022-11-03,0.167,LOW,False,2,train,1.0,HIGH,1,False,above_trigger_threshold_1_of_3
2022-11-03,2022-11-04,0.1602,LOW,False,3,train,1.0,HIGH,2,False,above_trigger_threshold_2_of_3
2022-11-04,2022-11-05,0.1602,LOW,False,3,train,0.0,HIGH,3,True,persistence_met_3_consecutive_days
2022-11-05,2022-11-06,0.1602,LOW,False,3,train,0.0,HIGH,4,True,persistence_met_4_consecutive_days
2022-11-06,2022-11-07,0.1602,LOW,False,3,train,0.0,HIGH,5,True,persistence_met_5_consecutive_days
2022-11-07,2022-11-08,0.1803,LOW,False,3,train,1.0,CRITICAL,6,True,persistence_met_6_consecutive_days
2022-11-08,2022-11-09,0.1803,LOW,False,3,train,1.0,CRITICAL,7,True,persistence_met_7_consecutive_days
2022-11-09,2022-11-10,0.167,LOW,False,3,train,1.0,HIGH,8,True,persistence_met_8_consecutive_days
2022-11-10,2022-11-11,0.1803,LOW,False,1,train,1.0,CRITICAL,9,True,persistence_met_9_consecutive_days
2022-11-11,2022-11-12,0.1803,LOW,False,3,train,1.0,CRITICAL,10,True,persistence_met_10_consecutive_days
2022-11-12,2022-11-13,0.1803,LOW,False,4,train,1.0,CRITICAL,11,True,persistence_met_11_consecutive_days
2022-11-13,2022-11-14,0.1602,LOW,False,4,train,0.0,HIGH,12,True,persistence_met_12_consecutive_days
2022-11-14,2022-11-15,0.1602,LOW,False,4,train,1.0,HIGH,13,True,persistence_met_13_consecutive_days
2022-11-15,2022-11-16,0.1602,LOW,False,3,train,0.0,HIGH,14,True,persistence_met_14_consecutive_days
2022-11-16,2022-11-17,0.1359,LOW,False,4,train,0.0,HIGH,0,False,below_trigger_threshold_streak_reset
2022-11-17,2022-11-18,0.1132,LOW,False,3,train,0.0,HIGH,0,False,below_trigger_threshold_streak_reset
2022-11-18,2022-11-19,0.1116,LOW,False,4,train,0.0,HIGH,0,False,below_trigger_threshold_streak_reset
2022-11-19,2022-11-20,0.0888,LOW,False,4,train,0.0,BELOW_HIGH,0,False,below_trigger_threshold_streak_reset
2022-11-20,2022-11-21,0.0888,LOW,False,3,train,0.0,BELOW_HIGH,0,False,below_trigger_threshold_streak_reset
